<?xml version="1.0" encoding="UTF-8"?>
<project name="module_superbuy" default="compile.module.superbuy">
  <dirname property="module.superbuy.basedir" file="${ant.file.module_superbuy}"/>
  
  <property name="module.jdk.home.superbuy" value="${project.jdk.home}"/>
  <property name="module.jdk.bin.superbuy" value="${project.jdk.bin}"/>
  <property name="module.jdk.classpath.superbuy" value="${project.jdk.classpath}"/>
  
  <property name="compiler.args.superbuy" value="-encoding UTF-8 -source 1.8 -target 1.8 ${compiler.args}"/>
  
  <property name="superbuy.output.dir" value="${module.superbuy.basedir}/out/production/SuperBuy"/>
  <property name="superbuy.testoutput.dir" value="${module.superbuy.basedir}/out/test/SuperBuy"/>
  
  <path id="superbuy.module.bootclasspath">
    <!-- Paths to be included in compilation bootclasspath -->
  </path>
  
  <path id="superbuy.module.production.classpath">
    <path refid="${module.jdk.classpath.superbuy}"/>
  </path>
  
  <path id="superbuy.runtime.production.module.classpath">
    <pathelement location="${superbuy.output.dir}"/>
  </path>
  
  <path id="superbuy.module.classpath">
    <path refid="${module.jdk.classpath.superbuy}"/>
    <pathelement location="${superbuy.output.dir}"/>
  </path>
  
  <path id="superbuy.runtime.module.classpath">
    <pathelement location="${superbuy.testoutput.dir}"/>
    <pathelement location="${superbuy.output.dir}"/>
  </path>
  
  
  <patternset id="excluded.from.module.superbuy">
    <patternset refid="ignored.files"/>
  </patternset>
  
  <patternset id="excluded.from.compilation.superbuy">
    <patternset refid="excluded.from.module.superbuy"/>
  </patternset>
  
  <path id="superbuy.module.sourcepath">
    <dirset dir="${module.superbuy.basedir}">
      <include name="src"/>
    </dirset>
  </path>
  
  
  <target name="compile.module.superbuy" depends="compile.module.superbuy.production,compile.module.superbuy.tests" description="Compile module SuperBuy"/>
  
  <target name="compile.module.superbuy.production" depends="register.custom.compilers" description="Compile module SuperBuy; production classes">
    <mkdir dir="${superbuy.output.dir}"/>
    <javac2 destdir="${superbuy.output.dir}" debug="${compiler.debug}" nowarn="${compiler.generate.no.warnings}" memorymaximumsize="${compiler.max.memory}" fork="true" executable="${module.jdk.bin.superbuy}/javac">
      <compilerarg line="${compiler.args.superbuy}"/>
      <bootclasspath refid="superbuy.module.bootclasspath"/>
      <classpath refid="superbuy.module.production.classpath"/>
      <src refid="superbuy.module.sourcepath"/>
      <patternset refid="excluded.from.compilation.superbuy"/>
    </javac2>
    
    <copy todir="${superbuy.output.dir}">
      <fileset dir="${module.superbuy.basedir}/src">
        <patternset refid="compiler.resources"/>
        <type type="file"/>
      </fileset>
    </copy>
  </target>
  
  <target name="compile.module.superbuy.tests" depends="register.custom.compilers,compile.module.superbuy.production" description="compile module SuperBuy; test classes" unless="skip.tests"/>
  
  <target name="clean.module.superbuy" description="cleanup module">
    <delete dir="${superbuy.output.dir}"/>
    <delete dir="${superbuy.testoutput.dir}"/>
  </target>
</project>